-- MySQL Administrator dump 1.4
--
-- ------------------------------------------------------
-- Server version	5.0.45-community-nt


/*!40101 SET @OLD_CHARACTER_SET_CLIENT=@@CHARACTER_SET_CLIENT */;
/*!40101 SET @OLD_CHARACTER_SET_RESULTS=@@CHARACTER_SET_RESULTS */;
/*!40101 SET @OLD_COLLATION_CONNECTION=@@COLLATION_CONNECTION */;
/*!40101 SET NAMES utf8 */;

/*!40014 SET @OLD_UNIQUE_CHECKS=@@UNIQUE_CHECKS, UNIQUE_CHECKS=0 */;
/*!40014 SET @OLD_FOREIGN_KEY_CHECKS=@@FOREIGN_KEY_CHECKS, FOREIGN_KEY_CHECKS=0 */;
/*!40101 SET @OLD_SQL_MODE=@@SQL_MODE, SQL_MODE='NO_AUTO_VALUE_ON_ZERO' */;


--
-- Create schema talkingpaper2
--

CREATE DATABASE IF NOT EXISTS talkingpaper2;
USE talkingpaper2;

--
-- Definition of table `altra_contenuto`
--

DROP TABLE IF EXISTS `altra_contenuto`;
CREATE TABLE `altra_contenuto` (
  `IDaltra` int(10) unsigned NOT NULL,
  `IDcontenuto` int(10) unsigned NOT NULL,
  PRIMARY KEY  (`IDcontenuto`,`IDaltra`),
  KEY `FK_altra_contenuto_1` (`IDaltra`),
  CONSTRAINT `FK_altra_contenuto_1` FOREIGN KEY (`IDaltra`) REFERENCES `altrarisorsa` (`IDaltra`) ON DELETE NO ACTION ON UPDATE NO ACTION,
  CONSTRAINT `FK_altra_contenuto_2` FOREIGN KEY (`IDcontenuto`) REFERENCES `contenuto` (`IDcontenuto`) ON DELETE NO ACTION ON UPDATE NO ACTION
) ENGINE=InnoDB DEFAULT CHARSET=latin1;

--
-- Dumping data for table `altra_contenuto`
--

/*!40000 ALTER TABLE `altra_contenuto` DISABLE KEYS */;
INSERT INTO `altra_contenuto` (`IDaltra`,`IDcontenuto`) VALUES 
 (753,7),
 (754,7),
 (763,13),
 (764,13),
 (765,14),
 (766,14),
 (767,15),
 (768,15),
 (769,16),
 (770,16);
/*!40000 ALTER TABLE `altra_contenuto` ENABLE KEYS */;


--
-- Definition of table `altrarisorsa`
--

DROP TABLE IF EXISTS `altrarisorsa`;
CREATE TABLE `altrarisorsa` (
  `IDaltra` int(10) unsigned NOT NULL auto_increment,
  `Nome` text NOT NULL,
  `Path` text NOT NULL,
  `Tipo` varchar(45) NOT NULL,
  PRIMARY KEY  (`IDaltra`)
) ENGINE=InnoDB AUTO_INCREMENT=771 DEFAULT CHARSET=latin1;

--
-- Dumping data for table `altrarisorsa`
--

/*!40000 ALTER TABLE `altrarisorsa` DISABLE KEYS */;
INSERT INTO `altrarisorsa` (`IDaltra`,`Nome`,`Path`,`Tipo`) VALUES 
 (1,'a_aquila_1024.jpg','\\Images','immagine'),
 (2,'ajuxemedia.jpg','\\Images','immagine'),
 (5,'asteidesfo.jpg','\\Images','immagine'),
 (6,'i bidoni.txt','\\Testi','testo'),
 (89,'a_aquila_1024.jpg','\\Images','immagine'),
 (90,'CPUInfo.txt','\\Testi','testo'),
 (91,'ajuxemedia.jpg','\\Images','immagine'),
 (92,'CPUInfo.txt','\\Testi','testo'),
 (93,'a_aquila_1024.jpg','\\Images','immagine'),
 (94,'CPUInfo.txt','\\Testi','testo'),
 (95,'cascate013modificata.jpg','\\Images','immagine'),
 (96,'CPUInfo.txt','\\Testi','testo'),
 (97,'ajuxemedia.jpg','\\Images','immagine'),
 (98,'CPUInfo.txt','\\Testi','testo'),
 (99,'dos.png','\\Images','immagine'),
 (100,'CPUInfo.txt','\\Testi','testo'),
 (101,'asteidesfo.jpg','\\Images','immagine'),
 (102,'film x Gali.doc','\\Testi','testo'),
 (103,'45280b-big.jpg','\\Images','immagine'),
 (104,'CPUInfo.txt','\\Testi','testo'),
 (105,'cascate013modificata.jpg','\\Images','immagine'),
 (106,'Nuovo Documento di testo (2).txt','\\Testi','testo'),
 (107,'a_aquila_1024.jpg','\\Images','immagine'),
 (108,'cascate013modificata.jpg','\\Images','immagine'),
 (109,'CPUInfo.txt','\\Testi','testo'),
 (110,'GUI.jpg','\\Images','immagine'),
 (111,'GeneratorLog2008-01-29-10-55-54.txt','\\Testi','testo'),
 (112,'a_aquila_1024.jpg','\\Images','immagine'),
 (113,'CPUInfo.txt','\\Testi','testo'),
 (114,'africa003.jpg','\\Images','immagine'),
 (115,'CPUInfo.txt','\\Testi','testo'),
 (116,'a_aquila_1024.jpg','\\Images','immagine'),
 (117,'CPUInfo.txt','\\Testi','testo'),
 (118,'carone guida2.jpg','\\Images','immagine'),
 (119,'GeneratorLog2008-01-29-10-55-54.txt','\\Testi','testo'),
 (120,'Vitamin B.bmp','\\Images','immagine'),
 (121,'i bidoni.txt','\\Testi','testo'),
 (122,'cascate013modificata.jpg','\\Images','immagine'),
 (123,'CPUInfo.txt','\\Testi','testo'),
 (124,'Images/cascate013modificata.jpg','\\Images','immagine'),
 (125,'Images/Images/cascate013modificata.jpg','\\Images','immagine'),
 (126,'CPUInfo.txt','\\Testi','testo'),
 (127,'cascate013modificata.jpg','\\Images','immagine'),
 (128,'CPUInfo.txt','\\Testi','testo'),
 (129,'cascate013modificata.jpg','\\Images','immagine'),
 (130,'CPUInfo.txt','\\Testi','testo'),
 (132,'pim11253.jpg','\\Images','immagine'),
 (133,'pim11216.JPG','\\Images','immagine'),
 (134,'pim10737.jpg','\\Images','immagine'),
 (135,'pim11281.jpg','\\Images','immagine'),
 (136,'pim10735.jpg','\\Images','immagine'),
 (138,'pim11218.jpg','\\Images','immagine'),
 (139,'pim11252.JPG','\\Images','immagine'),
 (140,'pim11555.jpg','\\Images','immagine'),
 (141,'pim11553.jpg','\\Images','immagine'),
 (142,'ban_copertina ingrandita105.jpg','\\Images','immagine'),
 (143,'ban_copertina ingrandita105.jpg','\\Images','immagine'),
 (144,'\\Images','\\Images','immagine'),
 (145,'pim11218.jpg','\\Images','immagine'),
 (146,'pim10736.JPG','\\Images','immagine'),
 (147,'pim10781.jpg','\\Images','immagine'),
 (148,'\\Images','\\Images','immagine'),
 (149,'\\Images','\\Images','immagine'),
 (150,'pim10761.jpg','\\Images','immagine'),
 (151,'pim10736.JPG','\\Images','immagine'),
 (152,'pim10781.jpg','\\Images','immagine'),
 (153,'pim10736.JPG','\\Images','immagine'),
 (154,'pim10781.jpg','\\Images','immagine'),
 (155,'pim10761.jpg','\\Images','immagine'),
 (156,'pim11218.jpg','\\Images','immagine'),
 (157,'pim10814.JPG','\\Images','immagine'),
 (159,'pim11218.jpg','\\Images','immagine'),
 (160,'pim10814.JPG','\\Images','immagine'),
 (161,'pim10779.jpg','\\Images','immagine'),
 (162,'pim11421.JPG','\\Images','immagine'),
 (163,'pim11258.jpg','\\Images','immagine'),
 (164,'pim11421.JPG','\\Images','immagine'),
 (165,'pim11258.jpg','\\Images','immagine'),
 (166,'pim11270.jpg','\\Images','immagine'),
 (167,'pim11421.JPG','\\Images','immagine'),
 (168,'pim11258.jpg','\\Images','immagine'),
 (169,'pim11270.jpg','\\Images','immagine'),
 (170,'pim11584.jpg','\\Images','immagine'),
 (171,'ajuxemedia.jpg','\\Images','immagine'),
 (172,'CPUInfo.txt','\\Testi','testo'),
 (176,'africa003.jpg','\\Images','immagine'),
 (177,'CPUInfo.txt','\\Testi','testo'),
 (178,'africa003.jpg','\\Images','immagine'),
 (179,'CPUInfo.txt','\\Testi','testo'),
 (180,'a_aquila_1024.jpg','\\Images','immagine'),
 (181,'africa003.jpg','\\Images','immagine'),
 (182,'CPUInfo.txt','\\Testi','testo'),
 (183,'africa003.jpg','\\Images','immagine'),
 (184,'CPUInfo.txt','\\Testi','testo'),
 (185,'africa003.jpg','\\Images','immagine'),
 (186,'CPUInfo.txt','\\Testi','testo'),
 (187,'pim10786.jpg','\\Images','immagine'),
 (188,'pim10761.jpg','\\Images','immagine'),
 (189,'testo0.doc','\\Testi','testo'),
 (193,'pim10760.JPG','\\Images','immagine'),
 (194,'testo41910.doc','\\Testi','testo'),
 (195,'pim10797.JPG','\\Images','immagine'),
 (196,'testo41930.doc','\\Testi','testo'),
 (197,'pim10760.JPG','\\Images','immagine'),
 (198,'testo41910.doc','\\Testi','testo'),
 (199,'pim10798.gif','\\Images','immagine'),
 (200,'testo49660.doc','\\Testi','testo'),
 (201,'pim10815.jpg','\\Images','immagine'),
 (202,'testo49450.doc','\\Testi','testo'),
 (203,'pim11216.JPG','\\Images','immagine'),
 (204,'testo49630.doc','\\Testi','testo'),
 (205,'a_aquila_1024.jpg','\\Images','immagine'),
 (206,'CPUInfo.txt','\\Testi','testo'),
 (207,'a_aquila_1024.jpg','\\Images','immagine'),
 (208,'CPUInfo.txt','\\Testi','testo'),
 (209,'pim10798.gif','\\Images','immagine'),
 (210,'testo49660.doc','\\Testi','testo'),
 (211,'pim10815.jpg','\\Images','immagine'),
 (212,'testo49450.doc','\\Testi','testo'),
 (213,'pim11216.JPG','\\Images','immagine'),
 (214,'testo49630.doc','\\Testi','testo'),
 (215,'a_aquila_1024.jpg','\\Images','immagine'),
 (216,'CPUInfo.txt','\\Testi','testo'),
 (217,'pim10780.jpg','\\Images','immagine'),
 (218,'testo49650.doc','\\Testi','testo'),
 (219,'pim10761.jpg','\\Images','immagine'),
 (220,'testo49640.doc','\\Testi','testo'),
 (221,'pim11592.jpg','\\Images','immagine'),
 (222,'a_aquila_1024.jpg','\\Images','immagine'),
 (223,'CPUInfo.txt','\\Testi','testo'),
 (224,'pim10815.jpg','\\Images','immagine'),
 (225,'testo49450.doc','\\Testi','testo'),
 (226,'pim11216.JPG','\\Images','immagine'),
 (227,'testo49630.doc','\\Testi','testo'),
 (228,'pim10780.jpg','\\Images','immagine'),
 (229,'testo49650.doc','\\Testi','testo'),
 (230,'pim10761.jpg','\\Images','immagine'),
 (231,'testo49640.doc','\\Testi','testo'),
 (232,'pim11592.jpg','\\Images','immagine'),
 (233,'a_aquila_1024.jpg','\\Images','immagine'),
 (234,'CPUInfo.txt','\\Testi','testo'),
 (235,'pim10792.JPG','\\Images','immagine'),
 (236,'testo49790.doc','\\Testi','testo'),
 (267,'pim10815.jpg','\\Images','immagine'),
 (268,'testo49450.doc','\\Testi','testo'),
 (269,'pim11216.JPG','\\Images','immagine'),
 (270,'testo49630.doc','\\Testi','testo'),
 (271,'pim10780.jpg','\\Images','immagine'),
 (272,'testo49650.doc','\\Testi','testo'),
 (273,'pim10761.jpg','\\Images','immagine'),
 (274,'testo49640.doc','\\Testi','testo'),
 (275,'pim11592.jpg','\\Images','immagine'),
 (276,'a_aquila_1024.jpg','\\Images','immagine'),
 (277,'CPUInfo.txt','\\Testi','testo'),
 (278,'pim10792.JPG','\\Images','immagine'),
 (279,'testo49790.doc','\\Testi','testo'),
 (280,'pim11490.jpg','\\Images','immagine'),
 (281,'testo51240.doc','\\Testi','testo'),
 (282,'pim11216.JPG','\\Images','immagine'),
 (283,'testo49630.doc','\\Testi','testo'),
 (284,'pim10774.JPG','\\Images','immagine'),
 (285,'testo49740.doc','\\Testi','testo'),
 (286,'pim11555.jpg','\\Images','immagine'),
 (287,'testo49470.doc','\\Testi','testo'),
 (288,'pim10803.gif','\\Images','immagine'),
 (289,'testo49820.doc','\\Testi','testo'),
 (290,'pim11258.jpg','\\Images','immagine'),
 (291,'testo49820.doc','\\Testi','testo'),
 (292,'pim10774.JPG','\\Images','immagine'),
 (293,'testo49740.doc','\\Testi','testo'),
 (294,'pim10737.jpg','\\Images','immagine'),
 (295,'testo49550.doc','\\Testi','testo'),
 (296,'pim11222.JPG','\\Images','immagine'),
 (297,'testo49670.doc','\\Testi','testo'),
 (298,'pim11251.jpg','\\Images','immagine'),
 (299,'testo49630.doc','\\Testi','testo'),
 (300,'pim11230.jpg','\\Images','immagine'),
 (301,'pim10760.JPG','\\Images','immagine'),
 (302,'testo49640.doc','\\Testi','testo'),
 (303,'pim11270.jpg','\\Images','immagine'),
 (304,'pim10760.JPG','\\Images','immagine'),
 (305,'testo49640.doc','\\Testi','testo'),
 (306,'pim11270.jpg','\\Images','immagine'),
 (307,'pim10780.jpg','\\Images','immagine'),
 (308,'testo49650.doc','\\Testi','testo'),
 (309,'pim10797.JPG','\\Images','immagine'),
 (310,'testo49660.doc','\\Testi','testo'),
 (311,'pim10797.JPG','\\Images','immagine'),
 (312,'testo49660.doc','\\Testi','testo'),
 (313,'ban_copertina ingrandita105.jpg','\\Images','immagine'),
 (316,'pim10797.JPG','\\Images','immagine'),
 (317,'testo49660.doc','\\Testi','testo'),
 (318,'ban_copertina ingrandita105.jpg','\\Images','immagine'),
 (319,'pim10797.JPG','\\Images','immagine'),
 (320,'testo49660.doc','\\Testi','testo'),
 (321,'ban_copertina ingrandita105.jpg','\\Images','immagine'),
 (322,'pim10760.JPG','\\Images','immagine'),
 (323,'testo49640.doc','\\Testi','testo'),
 (324,'pim10707.gif','\\Images','immagine'),
 (325,'testo49470.doc','\\Testi','testo'),
 (326,'pim10761.jpg','\\Images','immagine'),
 (327,'testo49640.doc','\\Testi','testo'),
 (328,'pim10761.jpg','\\Images','immagine'),
 (329,'testo49640.doc','\\Testi','testo'),
 (330,'pim10814.JPG','\\Images','immagine'),
 (331,'testo49670.doc','\\Testi','testo'),
 (332,'pim10761.jpg','\\Images','immagine'),
 (333,'testo49640.doc','\\Testi','testo'),
 (334,'pim10814.JPG','\\Images','immagine'),
 (335,'testo49670.doc','\\Testi','testo'),
 (336,'pim10780.jpg','\\Images','immagine'),
 (337,'pim10761.jpg','\\Images','immagine'),
 (338,'testo49640.doc','\\Testi','testo'),
 (339,'pim10814.JPG','\\Images','immagine'),
 (340,'testo49670.doc','\\Testi','testo'),
 (341,'pim10780.jpg','\\Images','immagine'),
 (342,'pim11449.JPG','\\Images','immagine'),
 (343,'pim11555.jpg','\\Images','immagine'),
 (344,'pim11555.jpg','\\Images','immagine'),
 (345,'pim11490.jpg','\\Images','immagine'),
 (346,'pim11555.jpg','\\Images','immagine'),
 (347,'pim11490.jpg','\\Images','immagine'),
 (348,'pim10812.JPG','\\Images','immagine'),
 (349,'testo49670.doc','\\Testi','testo'),
 (350,'pim11555.jpg','\\Images','immagine'),
 (351,'pim11490.jpg','\\Images','immagine'),
 (352,'pim10812.JPG','\\Images','immagine'),
 (353,'testo49670.doc','\\Testi','testo'),
 (354,'pim10815.jpg','\\Images','immagine'),
 (355,'africa003.jpg','\\Images','immagine'),
 (356,'CPUInfo.txt','\\Testi','testo'),
 (357,'pim10797.JPG','\\Images','immagine'),
 (358,'testo49660.doc','\\Testi','testo'),
 (359,'ban_copertina ingrandita105.jpg','\\Images','immagine'),
 (360,'pim10814.JPG','\\Images','immagine'),
 (361,'a_aquila_1024.jpg','\\Images','immagine'),
 (362,'CPUInfo.txt','\\Testi','testo'),
 (363,'pim11253.jpg','\\Images','immagine'),
 (364,'pim10760.JPG','\\Images','immagine'),
 (365,'testo49640.doc','\\Testi','testo'),
 (366,'pim10780.jpg','\\Images','immagine'),
 (367,'testo49650.doc','\\Testi','testo'),
 (368,'pim10797.JPG','\\Images','immagine'),
 (369,'testo49660.doc','\\Testi','testo'),
 (370,'ban_copertina ingrandita105.jpg','\\Images','immagine'),
 (371,'pim11216.JPG','\\Images','immagine'),
 (372,'pim10797.JPG','\\Images','immagine'),
 (373,'testo49660.doc','\\Testi','testo'),
 (374,'ban_copertina ingrandita105.jpg','\\Images','immagine'),
 (375,'pim11216.JPG','\\Images','immagine'),
 (376,'ban_copertina ingrandita105.jpg','\\Images','immagine'),
 (377,'pim11230.jpg','\\Images','immagine'),
 (378,'pim11216.JPG','\\Images','immagine'),
 (379,'pim10760.JPG','\\Images','immagine'),
 (380,'testo49640.doc','\\Testi','testo'),
 (381,'pim10780.jpg','\\Images','immagine'),
 (382,'testo49650.doc','\\Testi','testo'),
 (383,'pim11230.jpg','\\Images','immagine'),
 (384,'pim11216.JPG','\\Images','immagine'),
 (385,'pim11497.jpg','\\Images','immagine'),
 (386,'pim11319.jpg','\\Images','immagine'),
 (387,'testo49720.doc','\\Testi','testo'),
 (388,'pim11592.jpg','\\Images','immagine'),
 (389,'testo49830.doc','\\Testi','testo'),
 (390,'pim11421.JPG','\\Images','immagine'),
 (391,'testo49660.doc','\\Testi','testo'),
 (392,'pim10781.jpg','\\Images','immagine'),
 (393,'testo49650.doc','\\Testi','testo'),
 (394,'pim10781.jpg','\\Images','immagine'),
 (395,'testo49650.doc','\\Testi','testo'),
 (396,'pim10781.jpg','\\Images','immagine'),
 (397,'testo49650.doc','\\Testi','testo'),
 (398,'pim11614.jpg','\\Images','immagine'),
 (399,'pim10781.jpg','\\Images','immagine'),
 (400,'testo49650.doc','\\Testi','testo'),
 (401,'pim11614.jpg','\\Images','immagine'),
 (402,'pim10788.jpg','\\Images','immagine'),
 (403,'testo49780.doc','\\Testi','testo'),
 (404,'a_aquila_1024.jpg','\\Images','immagine'),
 (405,'pim10781.jpg','\\Images','immagine'),
 (406,'testo49650.doc','\\Testi','testo'),
 (407,'pim11614.jpg','\\Images','immagine'),
 (408,'pim10788.jpg','\\Images','immagine'),
 (409,'testo49780.doc','\\Testi','testo'),
 (410,'pim10781.jpg','\\Images','immagine'),
 (411,'testo49650.doc','\\Testi','testo'),
 (412,'pim11614.jpg','\\Images','immagine'),
 (413,'pim10788.jpg','\\Images','immagine'),
 (414,'testo49780.doc','\\Testi','testo'),
 (415,'pim11489.jpg','\\Images','immagine'),
 (416,'pim10781.jpg','\\Images','immagine'),
 (417,'testo49650.doc','\\Testi','testo'),
 (418,'pim11614.jpg','\\Images','immagine'),
 (419,'pim10788.jpg','\\Images','immagine'),
 (420,'testo49780.doc','\\Testi','testo'),
 (421,'pim11489.jpg','\\Images','immagine'),
 (422,'pim11343.JPG','\\Images','immagine'),
 (423,'pim10781.jpg','\\Images','immagine'),
 (424,'testo49650.doc','\\Testi','testo'),
 (425,'pim11614.jpg','\\Images','immagine'),
 (426,'pim10788.jpg','\\Images','immagine'),
 (427,'testo49780.doc','\\Testi','testo'),
 (428,'Musica.txt','\\Testi','testo'),
 (429,'Musica.txt','\\Testi','testo'),
 (430,'Pausini - Io canto - BACK.jpg','\\Images','immagine'),
 (431,'Musica.txt','\\Testi','testo'),
 (432,'pim10737.jpg','\\Images','immagine'),
 (433,'testo49550.doc','\\Testi','testo'),
 (434,'pim10737.jpg','\\Images','immagine'),
 (435,'testo49550.doc','\\Testi','testo'),
 (436,'pim10780.jpg','\\Images','immagine'),
 (437,'pim10737.jpg','\\Images','immagine'),
 (438,'testo49550.doc','\\Testi','testo'),
 (439,'pim10780.jpg','\\Images','immagine'),
 (440,'pim10779.jpg','\\Images','immagine'),
 (441,'pim10815.jpg','\\Images','immagine'),
 (442,'pim10815.jpg','\\Images','immagine'),
 (443,'pim11216.JPG','\\Images','immagine'),
 (444,'pim11216.JPG','\\Images','immagine'),
 (445,'pim10780.jpg','\\Images','immagine'),
 (446,'testo49650.doc','\\Testi','testo'),
 (447,'pim11251.jpg','\\Images','immagine'),
 (448,'pim11251.jpg','\\Images','immagine'),
 (449,'pim11218.jpg','\\Images','immagine'),
 (450,'testo49630.doc','\\Testi','testo'),
 (451,'pim10780.jpg','\\Images','immagine'),
 (452,'pim10780.jpg','\\Images','immagine'),
 (453,'pim11270.jpg','\\Images','immagine'),
 (454,'pim10786.jpg','\\Images','immagine'),
 (455,'pim10761.jpg','\\Images','immagine'),
 (456,'pim11216.JPG','\\Images','immagine'),
 (457,'pim10780.jpg','\\Images','immagine'),
 (458,'testo49650.doc','\\Testi','testo'),
 (459,'pim11317.jpg','\\Images','immagine'),
 (460,'pim10781.jpg','\\Images','immagine'),
 (461,'testo49650.doc','\\Testi','testo'),
 (462,'pim11614.jpg','\\Images','immagine'),
 (463,'pim10788.jpg','\\Images','immagine'),
 (464,'testo49780.doc','\\Testi','testo'),
 (465,'pim10761.jpg','\\Images','immagine'),
 (466,'pim10760.JPG','\\Images','immagine'),
 (467,'testo49640.doc','\\Testi','testo'),
 (468,'pim10780.jpg','\\Images','immagine'),
 (469,'testo49650.doc','\\Testi','testo'),
 (470,'testo49670.doc','\\Testi','testo'),
 (471,'africa003.jpg','\\Images','immagine'),
 (472,'CPUInfo.txt','\\Testi','testo'),
 (473,'pim10786.jpg','\\Images','immagine'),
 (474,'pim11218.jpg','\\Images','immagine'),
 (475,'pim10737.jpg','\\Images','immagine'),
 (476,'testo49550.doc','\\Testi','testo'),
 (477,'pim11222.JPG','\\Images','immagine'),
 (478,'testo49670.doc','\\Testi','testo'),
 (479,'pim10779.jpg','\\Images','immagine'),
 (480,'pim10735.jpg','\\Images','immagine'),
 (481,'pim10759.jpg','\\Images','immagine'),
 (482,'pim10734.jpg','\\Images','immagine'),
 (483,'pim10760.JPG','\\Images','immagine'),
 (484,'testo49640.doc','\\Testi','testo'),
 (485,'pim11215.gif','\\Images','immagine'),
 (486,'testo49630.doc','\\Testi','testo'),
 (487,'pim11718.jpg','\\Images','immagine'),
 (488,'testo49470.doc','\\Testi','testo'),
 (489,'pim11588.jpg','\\Images','immagine'),
 (490,'pim11576.gif','\\Images','immagine'),
 (491,'pim11591.JPG','\\Images','immagine'),
 (492,'africa003.jpg','\\Images','immagine'),
 (493,'pim10723.jpg','\\Images','immagine'),
 (494,'a_aquila_1024.jpg','\\Images','immagine'),
 (495,'pim10780.jpg','\\Images','immagine'),
 (496,'Maroon 5-It Won\'t Be Soon Before Long [Front].jpg','\\Images','immagine'),
 (497,'Audio_Video Info.txt','\\Testi','testo'),
 (498,'Maroon 5-It Won\'t Be Soon Before Long [Front].jpg','\\Images','immagine'),
 (499,'Audio_Video Info.txt','\\Testi','testo'),
 (500,'pim11218.jpg','\\Images','immagine'),
 (501,'pim10761.jpg','\\Images','immagine'),
 (502,'testo49640.doc','\\Testi','testo'),
 (503,'pim10779.jpg','\\Images','immagine'),
 (504,'Maroon 5-It Won\'t Be Soon Before Long [CD].jpg','\\Images','immagine'),
 (505,'Maroon 5-It Won\'t Be Soon Before Long [CD].jpg','\\Images','immagine'),
 (506,'Maroon 5-It Won\'t Be Soon Before Long [CD].jpg','\\Images','immagine'),
 (507,'Maroon 5-It Won\'t Be Soon Before Long [CD].jpg','\\Images','immagine'),
 (508,'Maroon 5-It Won\'t Be Soon Before Long [CD].jpg','\\Images','immagine'),
 (509,'Maroon 5-It Won\'t Be Soon Before Long [CD].jpg','\\Images','immagine'),
 (510,'Maroon 5-It Won\'t Be Soon Before Long [Front].jpg','\\Images','immagine'),
 (511,'Maroon 5-It Won\'t Be Soon Before Long [CD].jpg','\\Images','immagine'),
 (512,'Maroon 5-It Won\'t Be Soon Before Long [CD].jpg','\\Images','immagine'),
 (513,'Maroon 5-It Won\'t Be Soon Before Long [CD].jpg','\\Images','immagine'),
 (514,'Maroon 5-It Won\'t Be Soon Before Long [CD].jpg','\\Images','immagine'),
 (515,'P1010023.JPG','\\Images','immagine'),
 (516,'ban_hehe.JPG','\\Images','immagine'),
 (517,'pim11253.jpg','\\Images','immagine'),
 (518,'P1010050.JPG','\\Images','immagine'),
 (519,'P1010050.JPG','\\Images','immagine'),
 (520,'pim10737.jpg','\\Images','immagine'),
 (521,'testo49550.doc','\\Testi','testo'),
 (522,'pim11222.JPG','\\Images','immagine'),
 (523,'pim10779.jpg','\\Images','immagine'),
 (524,'ban_hehe.JPG','\\Images','immagine'),
 (525,'ban_hehe.JPG','\\Images','immagine'),
 (526,'P1010023.JPG','\\Images','immagine'),
 (527,'Maroon 5-It Won\'t Be Soon Before Long [CD].jpg','\\Images','immagine'),
 (528,'Maroon 5-It Won\'t Be Soon Before Long [CD].jpg','\\Images','immagine'),
 (529,'Maroon 5-It Won\'t Be Soon Before Long [CD].jpg','\\Images','immagine'),
 (530,'P1010023.JPG','\\Images','immagine'),
 (531,'P1010023.JPG','\\Images','immagine'),
 (532,'forzadellanatura005.jpg','\\Images','immagine'),
 (533,'ajuxemedia.jpg','\\Images','immagine'),
 (534,'ajuxemedia.jpg','\\Images','immagine'),
 (535,'pim11216.JPG','\\Images','immagine'),
 (536,'pim10798.gif','\\Images','immagine'),
 (537,'pim10798.gif','\\Images','immagine'),
 (538,'pim10798.gif','\\Images','immagine'),
 (539,'pim10798.gif','\\Images','immagine'),
 (540,'pim10760.JPG','\\Images','immagine'),
 (541,'pim10798.gif','\\Images','immagine'),
 (542,'pim10760.JPG','\\Images','immagine'),
 (543,'pim11230.jpg','\\Images','immagine'),
 (544,'pim10797.JPG','\\Images','immagine'),
 (545,'testo49660.doc','\\Testi','testo'),
 (546,'ban_copertina ingrandita105.jpg','\\Images','immagine'),
 (547,'pim11216.JPG','\\Images','immagine'),
 (548,'ban_copertina ingrandita105.jpg','\\Images','immagine'),
 (549,'pim10760.JPG','\\Images','immagine'),
 (550,'pim11253.jpg','\\Images','immagine'),
 (551,'pim11253.jpg','\\Images','immagine'),
 (552,'pim10761.jpg','\\Images','immagine'),
 (553,'pim11218.jpg','\\Images','immagine'),
 (554,'pim11253.jpg','\\Images','immagine'),
 (555,'pim10761.jpg','\\Images','immagine'),
 (556,'pim11253.jpg','\\Images','immagine'),
 (557,'pim11253.jpg','\\Images','immagine'),
 (558,'pim11253.jpg','\\Images','immagine'),
 (559,'pim11253.jpg','\\Images','immagine'),
 (560,'pim11253.jpg','\\Images','immagine'),
 (561,'pim11253.jpg','\\Images','immagine'),
 (562,'Maroon 5-It Won\'t Be Soon Before Long [Front].jpg','\\Images','immagine'),
 (563,'Audio_Video Info.txt','\\Testi','testo'),
 (564,'Maroon 5-It Won\'t Be Soon Before Long [Front].jpg','\\Images','immagine'),
 (565,'Audio_Video Info.txt','\\Testi','testo'),
 (566,'pim10738.jpg','\\Images','immagine'),
 (567,'testo49550.doc','\\Testi','testo'),
 (568,'Maroon 5-It Won\'t Be Soon Before Long [CD].jpg','\\Images','immagine'),
 (569,'Audio_Video Info.txt','\\Testi','testo'),
 (570,'Maroon 5-It Won\'t Be Soon Before Long [Back].jpg','\\Images','immagine'),
 (571,'Audio_Video Info.txt','\\Testi','testo'),
 (572,'Maroon 5-It Won\'t Be Soon Before Long [CD].jpg','\\Images','immagine'),
 (573,'Audio_Video Info.txt','\\Testi','testo'),
 (574,'Maroon 5-It Won\'t Be Soon Before Long [Back].jpg','\\Images','immagine'),
 (575,'Audio_Video Info.txt','\\Testi','testo'),
 (576,'pim10788.jpg','\\Images','immagine'),
 (577,'testo49780.doc','\\Testi','testo'),
 (578,'Maroon 5-It Won\'t Be Soon Before Long [Front].jpg','\\Images','immagine'),
 (579,'Audio_Video Info.txt','\\Testi','testo'),
 (580,'Maroon 5-It Won\'t Be Soon Before Long [Back].jpg','\\Images','immagine'),
 (581,'Audio_Video Info.txt','\\Testi','testo'),
 (582,'Maroon 5-It Won\'t Be Soon Before Long [Front].jpg','\\Images','immagine'),
 (583,'Audio_Video Info.txt','\\Testi','testo'),
 (584,'Maroon 5-It Won\'t Be Soon Before Long [Back].jpg','\\Images','immagine'),
 (585,'Audio_Video Info.txt','\\Testi','testo'),
 (586,'pim10788.jpg','\\Images','immagine'),
 (587,'testo49780.doc','\\Testi','testo'),
 (588,'pim10712.JPG','\\Images','immagine'),
 (589,'testo49480.doc','\\Testi','testo'),
 (590,'pim10718.jpg','\\Images','immagine'),
 (591,'testo49490.doc','\\Testi','testo'),
 (592,'pim10780.jpg','\\Images','immagine'),
 (593,'testo49650.doc','\\Testi','testo'),
 (594,'pim10707.gif','\\Images','immagine'),
 (595,'testo49470.doc','\\Testi','testo'),
 (596,'pim10711.jpg','\\Images','immagine'),
 (597,'testo49480.doc','\\Testi','testo'),
 (598,'pim11448.JPG','\\Images','immagine'),
 (599,'testo49670.doc','\\Testi','testo'),
 (600,'pim11432.JPG','\\Images','immagine'),
 (601,'testo49820.doc','\\Testi','testo'),
 (602,'pim10711.jpg','\\Images','immagine'),
 (603,'testo49480.doc','\\Testi','testo'),
 (604,'pim10787.jpg','\\Images','immagine'),
 (605,'testo49780.doc','\\Testi','testo'),
 (606,'pim10743.jpg','\\Images','immagine'),
 (607,'testo49560.doc','\\Testi','testo'),
 (608,'pim10798.gif','\\Images','immagine'),
 (609,'testo49660.doc','\\Testi','testo'),
 (610,'Ieri.jpg','\\Images','immagine'),
 (611,'Ieri.doc','\\Testi','testo'),
 (612,'Oggi.jpg','\\Images','immagine'),
 (613,'Oggi.doc','\\Testi','testo'),
 (614,'Ieri.jpg','\\Images','immagine'),
 (615,'Ieri.doc','\\Testi','testo'),
 (616,'Oggi.jpg','\\Images','immagine'),
 (617,'Oggi.doc','\\Testi','testo'),
 (618,'pim10788.jpg','\\Images','immagine'),
 (619,'testo49780.doc','\\Testi','testo'),
 (620,'Ieri.jpg','\\Images','immagine'),
 (621,'Ieri.doc','\\Testi','testo'),
 (622,'Oggi.jpg','\\Images','immagine'),
 (623,'Oggi.doc','\\Testi','testo'),
 (624,'Ieri.jpg','\\Images','immagine'),
 (625,'Ieri.doc','\\Testi','testo'),
 (626,'Oggi.jpg','\\Images','immagine'),
 (627,'Oggi.doc','\\Testi','testo'),
 (628,'pim10788.jpg','\\Images','immagine'),
 (629,'testo49780.doc','\\Testi','testo'),
 (630,'Ieri.jpg','\\Images','immagine'),
 (631,'Ieri.doc','\\Testi','testo'),
 (632,'Oggi.jpg','\\Images','immagine'),
 (633,'Ieri.jpg','\\Images','immagine'),
 (634,'Ieri.doc','\\Testi','testo'),
 (635,'Ieri.jpg','\\Images','immagine'),
 (636,'Ieri.doc','\\Testi','testo'),
 (637,'Oggi.jpg','\\Images','immagine'),
 (638,'Oggi.doc','\\Testi','testo'),
 (639,'Ieri.jpg','\\Images','immagine'),
 (640,'Ieri.doc','\\Testi','testo'),
 (641,'Oggi.jpg','\\Images','immagine'),
 (642,'Oggi.doc','\\Testi','testo'),
 (643,'pim10788.jpg','\\Images','immagine'),
 (644,'testo49780.doc','\\Testi','testo'),
 (645,'pim10787.jpg','\\Images','immagine'),
 (646,'testo49780.doc','\\Testi','testo'),
 (647,'Ieri.jpg','\\Images','immagine'),
 (648,'Ieri.doc','\\Testi','testo'),
 (649,'Oggi.jpg','\\Images','immagine'),
 (650,'pim10787.jpg','\\Images','immagine'),
 (651,'testo49780.doc','\\Testi','testo'),
 (652,'Ieri.jpg','\\Images','immagine'),
 (653,'Ieri.doc','\\Testi','testo'),
 (654,'Oggi.jpg','\\Images','immagine'),
 (655,'Oggi.doc','\\Testi','testo'),
 (656,'pim10788.jpg','\\Images','immagine'),
 (657,'testo49780.doc','\\Testi','testo'),
 (658,'Ieri.jpg','\\Images','immagine'),
 (659,'Ieri.doc','\\Testi','testo'),
 (660,'Oggi.jpg','\\Images','immagine'),
 (661,'Oggi.doc','\\Testi','testo'),
 (662,'pim10787.jpg','\\Images','immagine'),
 (663,'testo49780.doc','\\Testi','testo'),
 (664,'Ieri.jpg','\\Images','immagine'),
 (665,'Ieri.doc','\\Testi','testo'),
 (666,'Oggi.jpg','\\Images','immagine'),
 (667,'Oggi.doc','\\Testi','testo'),
 (668,'pim10788.jpg','\\Images','immagine'),
 (669,'testo49780.doc','\\Testi','testo'),
 (670,'Ieri.jpg','\\Images','immagine'),
 (671,'Ieri.doc','\\Testi','testo'),
 (672,'Oggi.jpg','\\Images','immagine'),
 (673,'Oggi.doc','\\Testi','testo'),
 (674,'pim10788.jpg','\\Images','immagine'),
 (675,'testo49780.doc','\\Testi','testo'),
 (676,'Ieri.jpg','\\Images','immagine'),
 (677,'Ieri.doc','\\Testi','testo'),
 (678,'Oggi.jpg','\\Images','immagine'),
 (679,'Oggi.doc','\\Testi','testo'),
 (680,'pim10788.jpg','\\Images','immagine'),
 (681,'testo49780.doc','\\Testi','testo'),
 (682,'Ieri.jpg','\\Images','immagine'),
 (683,'Ieri.doc','\\Testi','testo'),
 (684,'Oggi.jpg','\\Images','immagine'),
 (685,'Oggi.doc','\\Testi','testo'),
 (686,'pim10787.jpg','\\Images','immagine'),
 (687,'testo49780.doc','\\Testi','testo'),
 (688,'Ieri.jpg','\\Images','immagine'),
 (689,'Ieri.doc','\\Testi','testo'),
 (690,'Oggi.jpg','\\Images','immagine'),
 (691,'Oggi.doc','\\Testi','testo'),
 (692,'Ieri.jpg','\\Images','immagine'),
 (693,'Ieri.doc','\\Testi','testo'),
 (694,'Ieri.jpg','\\Images','immagine'),
 (695,'Ieri.doc','\\Testi','testo'),
 (696,'pim10788.jpg','\\Images','immagine'),
 (697,'testo49780.doc','\\Testi','testo'),
 (698,'Oggi.jpg','\\Images','immagine'),
 (699,'Oggi.doc','\\Testi','testo'),
 (700,'pim10788.jpg','\\Images','immagine'),
 (701,'testo49780.doc','\\Testi','testo'),
 (702,'Ieri.jpg','\\Images','immagine'),
 (703,'Ieri.doc','\\Testi','testo'),
 (704,'Oggi.jpg','\\Images','immagine'),
 (705,'Oggi.doc','\\Testi','testo'),
 (706,'pim11448.JPG','\\Images','immagine'),
 (707,'testo49670.doc','\\Testi','testo'),
 (708,'pim10707.gif','\\Images','immagine'),
 (709,'testo49470.doc','\\Testi','testo'),
 (710,'pim10711.jpg','\\Images','immagine'),
 (711,'testo49480.doc','\\Testi','testo'),
 (712,'pim11432.JPG','\\Images','immagine'),
 (713,'testo49820.doc','\\Testi','testo'),
 (714,'pim11432.JPG','\\Images','immagine'),
 (715,'testo49820.doc','\\Testi','testo'),
 (716,'pim10707.gif','\\Images','immagine'),
 (717,'testo49470.doc','\\Testi','testo'),
 (718,'pim11184.jpg','\\Images','immagine'),
 (719,'testo49510.doc','\\Testi','testo'),
 (720,'pim11493.JPG','\\Images','immagine'),
 (721,'testo51270.doc','\\Testi','testo'),
 (722,'pim11184.jpg','\\Images','immagine'),
 (723,'testo49510.doc','\\Testi','testo'),
 (724,'buonanotte.gif','\\Images','immagine'),
 (725,'GoldieInToilet.jpg','\\Images','immagine'),
 (726,'00031390.jpg','\\Images','immagine'),
 (727,'Ieri.jpg','\\Images','immagine'),
 (728,'Ieri.doc','\\Testi','testo'),
 (729,'Oggi.jpg','\\Images','immagine'),
 (730,'Oggi.doc','\\Testi','testo'),
 (731,'Ieri.jpg','\\Images','immagine'),
 (732,'Ieri.doc','\\Testi','testo'),
 (733,'Oggi.jpg','\\Images','immagine'),
 (734,'Oggi.doc','\\Testi','testo'),
 (735,'pim11268.jpg','\\Images','immagine'),
 (736,'testo49820.doc','\\Testi','testo'),
 (737,'pim11265.JPG','\\Images','immagine'),
 (738,'testo51260.doc','\\Testi','testo'),
 (739,'Ieri.jpg','\\Images','immagine'),
 (740,'Ieri.doc','\\Testi','testo'),
 (741,'Oggi.jpg','\\Images','immagine'),
 (742,'Oggi.doc','\\Testi','testo'),
 (743,'Ieri.jpg','\\Images','immagine'),
 (744,'Ieri.doc','\\Testi','testo'),
 (745,'Oggi.jpg','\\Images','immagine'),
 (746,'Oggi.doc','\\Testi','testo'),
 (747,'pim11258.jpg','\\Images','immagine'),
 (748,'testo49820.doc','\\Testi','testo'),
 (749,'pim11265.JPG','\\Images','immagine'),
 (750,'testo51260.doc','\\Testi','testo'),
 (751,'pim10736.JPG','\\Images','immagine'),
 (752,'testo49550.doc','\\Testi','testo'),
 (753,'Ieri.jpg','\\Images','immagine'),
 (754,'Ieri.doc','\\Testi','testo'),
 (755,'Oggi.jpg','\\Images','immagine'),
 (756,'Oggi.doc','\\Testi','testo'),
 (757,'Ieri.jpg','\\Images','immagine'),
 (758,'Ieri.doc','\\Testi','testo'),
 (759,'Oggi.jpg','\\Images','immagine'),
 (760,'Oggi.doc','\\Testi','testo'),
 (761,'pim11268.jpg','\\Images','immagine'),
 (762,'testo49820.doc','\\Testi','testo'),
 (763,'Ieri.jpg','\\Images','immagine'),
 (764,'Ieri.doc','\\Testi','testo'),
 (765,'Oggi.jpg','\\Images','immagine'),
 (766,'Oggi.doc','\\Testi','testo'),
 (767,'pim11268.jpg','\\Images','immagine'),
 (768,'testo49820.doc','\\Testi','testo'),
 (769,'pim11265.JPG','\\Images','immagine'),
 (770,'testo51260.doc','\\Testi','testo');
/*!40000 ALTER TABLE `altrarisorsa` ENABLE KEYS */;


--
-- Definition of table `contenuto`
--

DROP TABLE IF EXISTS `contenuto`;
CREATE TABLE `contenuto` (
  `IDcontenuto` int(10) unsigned NOT NULL auto_increment,
  `Livello` tinyint(3) unsigned NOT NULL default '0' COMMENT 'Se zero è principale, 1 è approfondimento',
  `Ordine` tinyint(3) unsigned NOT NULL default '0' COMMENT 'L''ordine con cui devono essere eseguiti i contenuti',
  `Tipo` int(10) unsigned default NULL,
  `RisorsaMultimediale` int(10) unsigned default NULL,
  `Poster` int(10) unsigned default NULL,
  `Barcode` varchar(45) default NULL,
  `Rfidtag` varchar(45) default NULL,
  `Nome` text NOT NULL COMMENT 'Il nome del contenuto',
  PRIMARY KEY  (`IDcontenuto`),
  KEY `FK_contenuto_Tipologia` (`Tipo`),
  KEY `FK_contenuto_Poster` (`Poster`),
  KEY `FK_contenuto_Risorsa` (`RisorsaMultimediale`),
  CONSTRAINT `FK_contenuto_Poster` FOREIGN KEY (`Poster`) REFERENCES `poster` (`IDposter`) ON DELETE CASCADE ON UPDATE CASCADE,
  CONSTRAINT `FK_contenuto_Risorsa` FOREIGN KEY (`RisorsaMultimediale`) REFERENCES `risorsamultimediale` (`IDrisorsa`) ON DELETE NO ACTION ON UPDATE NO ACTION,
  CONSTRAINT `FK_contenuto_Tipologia` FOREIGN KEY (`Tipo`) REFERENCES `tipologia` (`IDtipologia`) ON DELETE NO ACTION ON UPDATE NO ACTION
) ENGINE=InnoDB AUTO_INCREMENT=17 DEFAULT CHARSET=latin1 COMMENT='Contenuti del poster';

--
-- Dumping data for table `contenuto`
--

/*!40000 ALTER TABLE `contenuto` DISABLE KEYS */;
INSERT INTO `contenuto` (`IDcontenuto`,`Livello`,`Ordine`,`Tipo`,`RisorsaMultimediale`,`Poster`,`Barcode`,`Rfidtag`,`Nome`) VALUES 
 (1,0,0,2,NULL,1,'0','0','Resume'),
 (2,0,0,3,NULL,1,'0','0','Pausa'),
 (3,0,0,4,NULL,1,'0','0','Stop'),
 (4,0,0,1,487,1,'0','0','dgfd'),
 (5,0,0,2,NULL,2,'0','0','Resume'),
 (6,0,0,3,NULL,2,'0','0','Pausa'),
 (7,0,0,4,NULL,2,'0','0','Stop'),
 (13,0,0,1,493,2,'0','E0040100088AEFF1','Ieri'),
 (14,0,0,1,494,2,'0','E0040100088AEFCA','Oggi'),
 (15,0,0,1,495,2,'0','0','I gladiatori'),
 (16,0,0,1,496,2,'0','0','Pietro e Chelsea (\'Il Teatro\')');
/*!40000 ALTER TABLE `contenuto` ENABLE KEYS */;


--
-- Definition of table `mostra`
--

DROP TABLE IF EXISTS `mostra`;
CREATE TABLE `mostra` (
  `IDmostra` int(10) unsigned NOT NULL auto_increment COMMENT 'Chiave della tabella',
  `Nome` varchar(45) NOT NULL default '' COMMENT 'Nome della mostra',
  `Autore` varchar(45) NOT NULL default '' COMMENT 'Gli autori della mostra',
  `Credits` varchar(45) default NULL COMMENT 'Credits della mostra',
  `DataInizio` datetime default NULL,
  PRIMARY KEY  (`IDmostra`)
) ENGINE=InnoDB DEFAULT CHARSET=latin1 COMMENT='Mostra';

--
-- Dumping data for table `mostra`
--

/*!40000 ALTER TABLE `mostra` DISABLE KEYS */;
/*!40000 ALTER TABLE `mostra` ENABLE KEYS */;


--
-- Definition of table `poster`
--

DROP TABLE IF EXISTS `poster`;
CREATE TABLE `poster` (
  `IDposter` int(10) unsigned NOT NULL auto_increment,
  `Descrizione` text,
  `Ordine` tinyint(3) unsigned NOT NULL default '0',
  `Mostra` int(10) unsigned default NULL COMMENT 'FK all''omonima tabella',
  `Nome` varchar(45) NOT NULL default '',
  PRIMARY KEY  (`IDposter`),
  KEY `FK_poster_Mostra` (`Mostra`),
  CONSTRAINT `FK_poster_Mostra` FOREIGN KEY (`Mostra`) REFERENCES `mostra` (`IDmostra`) ON DELETE CASCADE ON UPDATE CASCADE
) ENGINE=InnoDB AUTO_INCREMENT=3 DEFAULT CHARSET=latin1 COMMENT='Poster di una mostra';

--
-- Dumping data for table `poster`
--

/*!40000 ALTER TABLE `poster` DISABLE KEYS */;
INSERT INTO `poster` (`IDposter`,`Descrizione`,`Ordine`,`Mostra`,`Nome`) VALUES 
 (1,'jdsabjsa',0,NULL,'jhasdgjha'),
 (2,'poster di Luciano',0,NULL,'Il Foro');
/*!40000 ALTER TABLE `poster` ENABLE KEYS */;


--
-- Definition of table `profilo`
--

DROP TABLE IF EXISTS `profilo`;
CREATE TABLE `profilo` (
  `IDprofilo` int(10) unsigned NOT NULL auto_increment,
  `Descrizione` text NOT NULL,
  `Nome` varchar(45) NOT NULL default '',
  PRIMARY KEY  (`IDprofilo`)
) ENGINE=InnoDB AUTO_INCREMENT=3 DEFAULT CHARSET=latin1 COMMENT='Profilo degli utenti legati alla mostra';

--
-- Dumping data for table `profilo`
--

/*!40000 ALTER TABLE `profilo` DISABLE KEYS */;
INSERT INTO `profilo` (`IDprofilo`,`Descrizione`,`Nome`) VALUES 
 (1,'Foto di un rudere','Il Foro\r\n'),
 (2,'Foto di un rudere','Il Foro');
/*!40000 ALTER TABLE `profilo` ENABLE KEYS */;


--
-- Definition of table `risorsa_profilo`
--

DROP TABLE IF EXISTS `risorsa_profilo`;
CREATE TABLE `risorsa_profilo` (
  `ID_risorsa` int(10) unsigned NOT NULL default '0',
  `ID_profilo` int(10) unsigned NOT NULL default '0',
  PRIMARY KEY  (`ID_risorsa`,`ID_profilo`),
  KEY `FK_risorsa_profilo_Profilo` (`ID_profilo`),
  CONSTRAINT `FK_risorsa_profilo_Profilo` FOREIGN KEY (`ID_profilo`) REFERENCES `profilo` (`IDprofilo`) ON DELETE CASCADE ON UPDATE CASCADE,
  CONSTRAINT `FK_risorsa_profilo_Risorse` FOREIGN KEY (`ID_risorsa`) REFERENCES `risorsamultimediale` (`IDrisorsa`) ON DELETE CASCADE ON UPDATE CASCADE
) ENGINE=InnoDB DEFAULT CHARSET=latin1 ROW_FORMAT=DYNAMIC COMMENT='Tabella N:M tra risorsamultimediale e profilo; InnoDB free: ';

--
-- Dumping data for table `risorsa_profilo`
--

/*!40000 ALTER TABLE `risorsa_profilo` DISABLE KEYS */;
/*!40000 ALTER TABLE `risorsa_profilo` ENABLE KEYS */;


--
-- Definition of table `risorsamultimediale`
--

DROP TABLE IF EXISTS `risorsamultimediale`;
CREATE TABLE `risorsamultimediale` (
  `IDrisorsa` int(10) unsigned NOT NULL auto_increment,
  `Nome` text NOT NULL,
  `Path` text NOT NULL,
  `Estensione` varchar(6) NOT NULL default '',
  `Dimensione` int(10) unsigned default NULL,
  PRIMARY KEY  (`IDrisorsa`)
) ENGINE=InnoDB AUTO_INCREMENT=497 DEFAULT CHARSET=latin1 COMMENT='Risorsa multimediale legata al contenuto';

--
-- Dumping data for table `risorsamultimediale`
--

/*!40000 ALTER TABLE `risorsamultimediale` DISABLE KEYS */;
INSERT INTO `risorsamultimediale` (`IDrisorsa`,`Nome`,`Path`,`Estensione`,`Dimensione`) VALUES 
 (1,'Audio2.mp3','/audio','.mp3',350),
 (2,'se tornerai.mp3','/audio','.mp3',350),
 (3,'Audio3.mp3','/audio','.mp3',350),
 (7,'Io Carlo - Lego.mp3','\\audio','.mp3',0),
 (8,'Io Carlo - Lego.mp3','\\audio','.mp3',0),
 (9,'Irene Grandi -Brucia la città.mp3','\\audio','.mp3',0),
 (10,'Lo Chiamavano Trinita.mp3','\\audio','.mp3',0),
 (11,'matrix_pillola.wav','\\audio','.wav',0),
 (12,'Irene Grandi -Brucia la città.mp3','\\audio','.mp3',0),
 (13,'matrix_pillola.wav','\\audio','.wav',0),
 (14,'10 - Ligabue - Urlando Contro Il Cielo.mp3','\\audio','.mp3',0),
 (19,'02  Maroon 5 - Makes Me Wonder.mp3','\\audio','.mp3',0),
 (20,'05  Maroon 5 - Won\'t Go Home Without You.mp3','\\audio','.mp3',0),
 (21,'10 - Ligabue - Urlando Contro Il Cielo.mp3','\\audio','.mp3',0),
 (22,'01 - Ligabue - Balliamo Sul Mondo.mp3','\\audio','.mp3',0),
 (23,'05 - Ligabue - Hai Un Momento Dio.mp3','\\audio','.mp3',0),
 (24,'Io Carlo - Lego.mp3','\\audio','.mp3',0),
 (25,'Lo Chiamavano Trinita.mp3','\\audio','.mp3',0),
 (26,'10 - Ligabue - Urlando Contro Il Cielo.mp3','\\audio','.mp3',0),
 (27,'Alanis Morisette - Ironic.mp3','\\audio','.mp3',0),
 (28,'Lo Chiamavano Trinita.mp3','\\audio','.mp3',0),
 (29,'Io Carlo - Lego.mp3','\\audio','.mp3',0),
 (30,'Lo Chiamavano Trinita.mp3','\\audio','.mp3',0),
 (31,'03-elisa-broken.mp3','\\audio','.mp3',0),
 (32,'03 - Mattafix - Angel On My Shoulder.mp3','\\audio','.mp3',0),
 (33,'01 Torno subito.mp3','\\audio','.mp3',0),
 (34,'audio/01 Torno subito.mp3','\\audio','.mp3',0),
 (35,'audio/audio/01 Torno subito.mp3','\\audio','.mp3',0),
 (36,'Ingegner Cane - 1000 bolle blu.avi','\\video','.avi',0),
 (37,'Irene Grandi -Brucia la città.mp3','\\audio','.mp3',0),
 (38,'Pubblicità - Parmigiano Reggiano 2006(1).mp3','\\audio','.mp3',0),
 (39,'Fabio De Luigi - Pagliaccio Baraldi.mpg','\\video','.mpg',0),
 (40,'Fabio De Luigi - Pagliaccio Baraldi.mpg','\\video','.mpg',0),
 (42,'paf4152.mp3','udio','.mp3',0),
 (43,'paf4151.mp3','udio','.mp3',0),
 (44,'paf4143.mp3','udio','.mp3',0),
 (45,'paf4140.mp3','\\audio','.mp3',0),
 (46,'paf4143.mp3','\\audio','.mp3',0),
 (48,'paf4151.mp3','\\audio','.mp3',0),
 (49,'paf4155.mp3','\\audio','.mp3',0),
 (50,'paf4135.mp3','\\audio','.mp3',0),
 (51,'paf4281.mp3','\\audio','.mp3',0),
 (52,'paf4152.mp3','\\audio','.mp3',0),
 (53,'paf4151.mp3','\\audio','.mp3',0),
 (54,'paf4143.mp3','\\audio','.mp3',0),
 (55,'paf4153.mp3','\\audio','.mp3',0),
 (56,'\\audio','\\audio','udio',0),
 (57,'\\audio','\\audio','udio',0),
 (58,'paf4152.mp3','\\audio','.mp3',0),
 (59,'paf4143.mp3','\\audio','.mp3',0),
 (60,'paf4153.mp3','\\audio','.mp3',0),
 (61,'paf4143.mp3','\\audio','.mp3',0),
 (62,'paf4153.mp3','\\audio','.mp3',0),
 (63,'paf4152.mp3','\\audio','.mp3',0),
 (64,'paf4151.mp3','\\audio','.mp3',0),
 (65,'paf4155.mp3','\\audio','.mp3',0),
 (67,'paf4151.mp3','\\audio','.mp3',0),
 (68,'paf4155.mp3','\\audio','.mp3',0),
 (69,'paf4153.mp3','\\audio','.mp3',0),
 (70,'paf4154.mp3','\\audio','.mp3',0),
 (71,'paf4170.mp3','\\audio','.mp3',0),
 (72,'paf4154.mp3','\\audio','.mp3',0),
 (73,'paf4170.mp3','\\audio','.mp3',0),
 (74,'paf4175.mp3','\\audio','.mp3',0),
 (75,'paf4154.mp3','\\audio','.mp3',0),
 (76,'paf4170.mp3','\\audio','.mp3',0),
 (77,'paf4175.mp3','\\audio','.mp3',0),
 (78,'paf4157.mp3','\\audio','.mp3',0),
 (79,'Irene Grandi -Brucia la città.mp3','\\audio','.mp3',0),
 (85,'Irene Grandi -Brucia la città.mp3','\\audio','.mp3',0),
 (86,'Io Carlo - Lego.mp3','\\audio','.mp3',0),
 (87,'01-elisa-stay.mp3','\\audio','.mp3',0),
 (88,'Irene Grandi -Brucia la città.mp3','\\audio','.mp3',0),
 (89,'Io Carlo - Lego.mp3','\\audio','.mp3',0),
 (90,'Io Carlo - Lego.mp3','\\audio','.mp3',0),
 (91,'paf4166.mp3','\\audio','.mp3',0),
 (92,'paf4152.mp3','\\audio','.mp3',0),
 (95,'paf4152.mp3','\\audio','.mp3',0),
 (96,'paf4154.mp3','\\audio','.mp3',0),
 (97,'paf4152.mp3','\\audio','.mp3',0),
 (98,'paf4154.mp3','\\audio','.mp3',0),
 (99,'paf4151.mp3','\\audio','.mp3',0),
 (100,'Lo Chiamavano Trinita.mp3','\\audio','.mp3',0),
 (101,'Miglior ciclista.wmv','\\video','.wmv',0),
 (102,'paf4154.mp3','\\audio','.mp3',0),
 (103,'paf4151.mp3','\\audio','.mp3',0),
 (104,'Miglior ciclista.wmv','\\audio','.wmv',0),
 (105,'paf4153.mp3','\\audio','.mp3',0),
 (106,'paf4171.mp3','\\audio','.mp3',0),
 (107,'Miglior medico sportivo.wmv','\\video','.wmv',0),
 (108,'paf4151.mp3','\\audio','.mp3',0),
 (109,'paf4153.mp3','\\audio','.mp3',0),
 (110,'paf4171.mp3','\\audio','.mp3',0),
 (111,'Miglior medico sportivo.wmv','\\Video','.wmv',0),
 (112,'paf4167.mp3','\\audio','.mp3',0),
 (125,'paf4151.mp3','\\audio','.mp3',0),
 (126,'paf4153.mp3','\\audio','.mp3',0),
 (127,'paf4171.mp3','\\audio','.mp3',0),
 (128,'Miglior medico sportivo.wmv','\\Video','.wmv',0),
 (129,'paf4167.mp3','\\audio','.mp3',0),
 (130,'paf4293.mp3','\\audio','.mp3',0),
 (131,'paf4151.mp3','\\audio','.mp3',0),
 (132,'paf4162.mp3','\\audio','.mp3',0),
 (133,'paf4135.mp3','\\audio','.mp3',0),
 (134,'paf4170.mp3','\\audio','.mp3',0),
 (135,'paf4170.mp3','\\audio','.mp3',0),
 (136,'paf4162.mp3','\\audio','.mp3',0),
 (137,'paf4143.mp3','\\audio','.mp3',0),
 (138,'paf4151.mp3','\\audio','.mp3',0),
 (139,'paf4153.mp3','\\audio','.mp3',0),
 (140,'paf4153.mp3','\\audio','.mp3',0),
 (141,'paf4291.mp3','\\audio','.mp3',0),
 (142,'paf4152.mp3','\\audio','.mp3',0),
 (143,'paf4163.mp3','\\audio','.mp3',0),
 (144,'paf4175.mp3','\\audio','.mp3',0),
 (145,'paf4152.mp3','\\audio','.mp3',0),
 (146,'paf4163.mp3','\\audio','.mp3',0),
 (147,'paf4175.mp3','\\audio','.mp3',0),
 (148,'paf4153.mp3','\\audio','.mp3',0),
 (149,'paf4154.mp3','\\audio','.mp3',0),
 (150,'paf4154.mp3','\\audio','.mp3',0),
 (152,'paf4154.mp3','\\audio','.mp3',0),
 (153,'paf4152.mp3','\\audio','.mp3',0),
 (154,'paf4154.mp3','\\audio','.mp3',0),
 (155,'paf4152.mp3','\\audio','.mp3',0),
 (156,'paf4135.mp3','\\audio','.mp3',0),
 (157,'paf4152.mp3','\\audio','.mp3',0),
 (158,'paf4152.mp3','\\audio','.mp3',0),
 (159,'paf4155.mp3','\\audio','.mp3',0),
 (160,'paf4152.mp3','\\audio','.mp3',0),
 (161,'paf4155.mp3','\\audio','.mp3',0),
 (162,'paf4153.mp3','\\audio','.mp3',0),
 (163,'paf4152.mp3','\\audio','.mp3',0),
 (164,'paf4155.mp3','\\audio','.mp3',0),
 (165,'paf4153.mp3','\\audio','.mp3',0),
 (166,'paf4294.mp3','\\audio','.mp3',0),
 (167,'paf4135.mp3','\\audio','.mp3',0),
 (168,'paf4135.mp3','\\audio','.mp3',0),
 (169,'paf4293.mp3','\\audio','.mp3',0),
 (170,'paf4135.mp3','\\audio','.mp3',0),
 (171,'paf4293.mp3','\\audio','.mp3',0),
 (172,'paf4155.mp3','\\audio','.mp3',0),
 (173,'paf4135.mp3','\\audio','.mp3',0),
 (174,'paf4293.mp3','\\audio','.mp3',0),
 (175,'paf4155.mp3','\\audio','.mp3',0),
 (176,'paf4155.mp3','\\audio','.mp3',0),
 (177,'matrix_pillola.wav','\\audio','.wav',0),
 (178,'paf4155.mp3','\\audio','.mp3',0),
 (179,'Irene Grandi -Brucia la città.mp3','\\audio','.mp3',0),
 (180,'paf4154.mp3','\\audio','.mp3',0),
 (181,'paf4155.mp3','\\audio','.mp3',0),
 (182,'Lo Chiamavano Trinita.mp3','\\audio','.mp3',0),
 (183,'paf4152.mp3','\\audio','.mp3',0),
 (184,'paf4165.mp3','\\audio','.mp3',0),
 (185,'paf4152.mp3','\\audio','.mp3',0),
 (186,'paf4153.mp3','\\audio','.mp3',0),
 (187,'paf4145.mp3','\\audio','.mp3',0),
 (188,'paf4154.mp3','\\audio','.mp3',0),
 (189,'paf4151.mp3','\\audio','.mp3',0),
 (190,'paf4154.mp3','\\audio','.mp3',0),
 (191,'paf4151.mp3','\\audio','.mp3',0),
 (192,'Pubblicità - Parmigiano Reggiano 2006.mp3','\\audio','.mp3',0),
 (193,'paf4153.mp3','\\audio','.mp3',0),
 (194,'paf4291.mp3','\\audio','.mp3',0),
 (195,'Pubblicità - Parmigiano Reggiano 2006.mp3','\\audio','.mp3',0),
 (196,'paf4151.mp3','\\audio','.mp3',0),
 (197,'paf4152.mp3','\\audio','.mp3',0),
 (198,'paf4153.mp3','\\audio','.mp3',0),
 (199,'paf4145.mp3','\\audio','.mp3',0),
 (200,'paf4153.mp3','\\audio','.mp3',0),
 (201,'paf4291.mp3','\\audio','.mp3',0),
 (202,'Pubblicità - Parmigiano Reggiano 2006.mp3','\\audio','.mp3',0),
 (203,'paf4151.mp3','\\audio','.mp3',0),
 (204,'paf4293.mp3','\\audio','.mp3',0),
 (205,'paf4160.mp3','\\audio','.mp3',0),
 (206,'paf4171.mp3','\\audio','.mp3',0),
 (207,'paf4154.mp3','\\audio','.mp3',0),
 (208,'paf4153.mp3','\\audio','.mp3',0),
 (209,'paf4153.mp3','\\audio','.mp3',0),
 (210,'paf4153.mp3','\\audio','.mp3',0),
 (211,'paf4154.mp3','\\audio','.mp3',0),
 (212,'paf4153.mp3','\\audio','.mp3',0),
 (213,'paf4154.mp3','\\audio','.mp3',0),
 (214,'paf4166.mp3','\\audio','.mp3',0),
 (215,'Francesco Renga - Cambio Direzione(3).mp3','\\audio','.mp3',0),
 (216,'paf4153.mp3','\\audio','.mp3',0),
 (217,'paf4154.mp3','\\audio','.mp3',0),
 (218,'paf4166.mp3','\\audio','.mp3',0),
 (219,'paf4153.mp3','\\audio','.mp3',0),
 (220,'paf4154.mp3','\\audio','.mp3',0),
 (221,'paf4166.mp3','\\audio','.mp3',0),
 (222,'paf4293.mp3','\\audio','.mp3',0),
 (223,'01 La Distrazione.mp3','\\audio','.mp3',0),
 (224,'paf4153.mp3','\\audio','.mp3',0),
 (225,'paf4154.mp3','\\audio','.mp3',0),
 (226,'paf4166.mp3','\\audio','.mp3',0),
 (227,'paf4293.mp3','\\audio','.mp3',0),
 (228,'01 La Distrazione.mp3','\\audio','.mp3',0),
 (229,'paf4292.mp3','\\audio','.mp3',0),
 (230,'14 E\' CosiÌ?.mp3','\\audio','.mp3',0),
 (231,'paf4153.mp3','\\audio','.mp3',0),
 (232,'paf4154.mp3','\\audio','.mp3',0),
 (233,'paf4166.mp3','\\audio','.mp3',0),
 (234,'14 E\' CosiÌ?.mp3','\\audio','.mp3',0),
 (235,'paf4292.mp3','\\audio','.mp3',0),
 (236,'03 Parlami D\'Amore.mp3','\\audio','.mp3',0),
 (237,'01-elisa-stay.mp3','\\audio','.mp3',0),
 (238,'Laura Pausini - 02 - 02 - Due.mp3','\\audio','.mp3',0),
 (239,'01-elisa-stay.mp3','\\audio','.mp3',0),
 (240,'Laura Pausini - 06 - 06 - Stella gemella.mp3','\\audio','.mp3',0),
 (241,'Laura Pausini - 06 - 06 - Stella gemella.mp3','\\audio','.mp3',0),
 (242,'paf4143.mp3','\\audio','.mp3',0),
 (243,'Laura Pausini - 06 - 06 - Stella gemella.mp3','\\audio','.mp3',0),
 (244,'paf4143.mp3','\\audio','.mp3',0),
 (245,'paf4153.mp3','\\audio','.mp3',0),
 (246,'Laura Pausini - 06 - 06 - Stella gemella.mp3','\\audio','.mp3',0),
 (247,'Laura Pausini - 06 - 06 - Stella gemella.mp3','\\audio','.mp3',0),
 (248,'paf4143.mp3','\\audio','.mp3',0),
 (249,'paf4153.mp3','\\audio','.mp3',0),
 (250,'Laura Pausini - 06 - 06 - Stella gemella.mp3','\\audio','.mp3',0),
 (251,'paf4153.mp3','\\audio','.mp3',0),
 (252,'Laura Pausini - 02 - 02 - Due.mp3','\\audio','.mp3',0),
 (253,'Laura Pausini - 01 - 01 - Io Canto.mp3','\\audio','.mp3',0),
 (254,'Laura Pausini - 06 - 06 - Stella gemella.mp3','\\audio','.mp3',0),
 (255,'Laura Pausini - 03 - 03 - Scrivimi.mp3','\\audio','.mp3',0),
 (256,'Laura Pausini - 01 - 01 - Io Canto.mp3','\\audio','.mp3',0),
 (257,'Laura Pausini - 01 - 01 - Io Canto.mp3','\\audio','.mp3',0),
 (258,'Laura Pausini - 05 - 05 - Destinazione paradiso.mp3','\\audio','.mp3',0),
 (259,'Laura Pausini - 01 - 01 - Io Canto.mp3','\\audio','.mp3',0),
 (260,'Laura Pausini - 05 - 05 - Destinazione paradiso.mp3','\\audio','.mp3',0),
 (261,'paf4155.mp3','\\audio','.mp3',0),
 (262,'Laura Pausini - 01 - 01 - Io Canto.mp3','\\audio','.mp3',0),
 (263,'Laura Pausini - 05 - 05 - Destinazione paradiso.mp3','\\audio','.mp3',0),
 (264,'paf4155.mp3','\\audio','.mp3',0),
 (265,'paf4143.mp3','\\audio','.mp3',0),
 (266,'Laura Pausini - 01 - 01 - Io Canto.mp3','\\audio','.mp3',0),
 (267,'paf4143.mp3','\\audio','.mp3',0),
 (268,'paf4151.mp3','\\audio','.mp3',0),
 (269,'Laura Pausini - 01 - 01 - Io Canto.mp3','\\audio','.mp3',0),
 (270,'paf4151.mp3','\\audio','.mp3',0),
 (271,'paf4153.mp3','\\audio','.mp3',0),
 (272,'Laura Pausini - 13 - 13 - Nei giardini che nessuno sa.mp3','\\audio','.mp3',0),
 (273,'Laura Pausini - 13 - 13 - Nei giardini che nessuno sa.mp3','\\audio','.mp3',0),
 (274,'paf4151.mp3','\\audio','.mp3',0),
 (275,'Laura Pausini - 13 - 13 - Nei giardini che nessuno sa.mp3','\\audio','.mp3',0),
 (276,'paf4151.mp3','\\audio','.mp3',0),
 (277,'paf4151.mp3','\\audio','.mp3',0),
 (278,'Mai Dire Goal - Ingegner Cane - Materiale ponte.avi','\\video','.avi',0),
 (279,'Io Carlo - Lego.mp3','\\audio','.mp3',0),
 (280,'Io Carlo - Lego.mp3','\\audio','.mp3',0),
 (281,'paf4153.mp3','\\audio','.mp3',0),
 (282,'Io Carlo - Lego.mp3','\\audio','.mp3',0),
 (283,'paf4153.mp3','\\audio','.mp3',0),
 (284,'paf4175.mp3','\\audio','.mp3',0),
 (285,'matrix_pillola.wav','\\audio','.wav',0),
 (286,'matrix_pillola.wav','\\audio','.wav',0),
 (287,'paf4166.mp3','\\audio','.mp3',0),
 (288,'matrix_pillola.wav','\\audio','.wav',0),
 (289,'paf4152.mp3','\\audio','.mp3',0),
 (290,'Pubblicità - Parmigiano Reggiano 2006.mp3','\\audio','.mp3',0),
 (291,'matrix_pillola.wav','\\audio','.wav',0),
 (292,'Laura Pausini - 01 - 01 - Io Canto.mp3','\\audio','.mp3',0),
 (293,'paf4151.mp3','\\audio','.mp3',0),
 (294,'paf4153.mp3','\\audio','.mp3',0),
 (295,'matrix_pillola.wav','\\audio','.wav',0),
 (296,'paf4161.mp3','\\audio','.mp3',0),
 (297,'paf4153.mp3','\\audio','.mp3',0),
 (298,'paf4154.mp3','\\audio','.mp3',0),
 (299,'paf4166.mp3','\\audio','.mp3',0),
 (300,'14 E\' CosiÌ?.mp3','\\audio','.mp3',0),
 (301,'paf4292.mp3','\\audio','.mp3',0),
 (302,'paf4152.mp3','\\audio','.mp3',0),
 (303,'Fabrizio Moro - Pensa (#57° Festival di Sanremo 2007)By_MikyeRosy.mp3','\\audio','.mp3',0),
 (304,'paf4152.mp3','\\audio','.mp3',0),
 (305,'paf4153.mp3','\\audio','.mp3',0),
 (306,'paf4145.mp3','\\audio','.mp3',0),
 (307,'paf4155.mp3','\\audio','.mp3',0),
 (308,'matrix_pillola.wav','\\audio','.wav',0),
 (309,'paf4166.mp3','\\audio','.mp3',0),
 (310,'paf4151.mp3','\\audio','.mp3',0),
 (311,'paf4143.mp3','\\audio','.mp3',0),
 (312,'paf4153.mp3','\\audio','.mp3',0),
 (313,'paf4143.mp3','\\audio','.mp3',0),
 (314,'paf4152.mp3','\\audio','.mp3',0),
 (315,'paf4143.mp3','\\audio','.mp3',0),
 (316,'paf4152.mp3','\\audio','.mp3',0),
 (317,'paf4151.mp3','\\audio','.mp3',0),
 (318,'paf4135.mp3','\\audio','.mp3',0),
 (319,'paf4157.mp3','\\audio','.mp3',0),
 (320,'paf4292.mp3','\\audio','.mp3',0),
 (321,'Laura Pausini - 07 - 07 - Come il sole all\'improvviso.mp3','\\audio','.mp3',0),
 (322,'paf4140.mp3','\\audio','.mp3',0),
 (323,'Io Carlo - Lego.mp3','\\audio','.mp3',0),
 (324,'paf4153.mp3','\\audio','.mp3',0),
 (325,'05  Maroon 5 - Won\'t Go Home Without You.mp3','\\audio','.mp3',0),
 (326,'05  Maroon 5 - Won\'t Go Home Without You.mp3','\\audio','.mp3',0),
 (327,'paf4151.mp3','\\audio','.mp3',0),
 (328,'paf4152.mp3','\\audio','.mp3',0),
 (329,'paf4153.mp3','\\audio','.mp3',0),
 (330,'11  Maroon 5 - Better That We Break.mp3','\\audio','.mp3',0),
 (331,'07  Maroon 5 - Can\'t Stop.mp3','\\audio','.mp3',0),
 (332,'06  Maroon 5 - Nothing Lasts Forever.mp3','\\audio','.mp3',0),
 (333,'08  Maroon 5 - Goodnight Goodnight.mp3','\\audio','.mp3',0),
 (334,'08  Maroon 5 - Goodnight Goodnight.mp3','\\audio','.mp3',0),
 (335,'09  Maroon 5 - Not Falling Apart.mp3','\\audio','.mp3',0),
 (336,'07  Maroon 5 - Can\'t Stop.mp3','\\audio','.mp3',0),
 (337,'06  Maroon 5 - Nothing Lasts Forever.mp3','\\audio','.mp3',0),
 (338,'08  Maroon 5 - Goodnight Goodnight.mp3','\\audio','.mp3',0),
 (339,'08  Maroon 5 - Goodnight Goodnight.mp3','\\audio','.mp3',0),
 (340,'08  Maroon 5 - Goodnight Goodnight.mp3','\\audio','.mp3',0),
 (341,'11  Maroon 5 - Better That We Break.mp3','\\audio','.mp3',0),
 (342,'07  Maroon 5 - Can\'t Stop.mp3','\\audio','.mp3',0),
 (343,'A 107 Mai Dire Gol Fabio De Luigi-Medioman Il Chewing-Gum.avi','\\video','.avi',0),
 (344,'paf4152.mp3','\\audio','.mp3',0),
 (345,'Lo Chiamavano Trinita.mp3','\\audio','.mp3',0),
 (346,'Lo Chiamavano Trinita.mp3','\\audio','.mp3',0),
 (347,'paf4143.mp3','\\audio','.mp3',0),
 (348,'paf4153.mp3','\\audio','.mp3',0),
 (349,'A 107 Mai Dire Gol Fabio De Luigi-Medioman Il Chewing-Gum.avi','\\Video','.avi',0),
 (350,'07  Maroon 5 - Can\'t Stop.mp3','\\audio','.mp3',0),
 (351,'07  Maroon 5 - Can\'t Stop.mp3','\\audio','.mp3',0),
 (352,'07  Maroon 5 - Can\'t Stop.mp3','\\audio','.mp3',0),
 (353,'A 107 Mai Dire Gol Fabio De Luigi-Medioman Il Chewing-Gum.avi','\\video','.avi',0),
 (354,'A 107 Mai Dire Gol Fabio De Luigi-Medioman Il Chewing-Gum.avi','\\Video','.avi',0),
 (355,'Francesco Renga - Cambio Direzione(3).mp3','\\audio','.mp3',0),
 (356,'Irene Grandi -Brucia la città.mp3','\\audio','.mp3',0),
 (357,'Irene Grandi -Brucia la città.mp3','\\audio','.mp3',0),
 (358,'paf4151.mp3','\\audio','.mp3',0),
 (359,'matrix_pillola.wav','\\audio','.wav',0),
 (360,'Irene Grandi -Brucia la città.mp3','\\audio','.mp3',0),
 (361,'Lo Chiamavano Trinita.mp3','\\audio','.mp3',0),
 (362,'paf4154.mp3','\\audio','.mp3',0),
 (363,'paf4154.mp3','\\audio','.mp3',0),
 (364,'paf4154.mp3','\\audio','.mp3',0),
 (365,'paf4154.mp3','\\audio','.mp3',0),
 (366,'paf4152.mp3','\\audio','.mp3',0),
 (367,'paf4154.mp3','\\audio','.mp3',0),
 (368,'paf4152.mp3','\\audio','.mp3',0),
 (369,'paf4291.mp3','\\audio','.mp3',0),
 (370,'paf4154.mp3','\\audio','.mp3',0),
 (371,'paf4151.mp3','\\audio','.mp3',0),
 (372,'paf4152.mp3','\\audio','.mp3',0),
 (373,'paf4152.mp3','\\audio','.mp3',0),
 (374,'paf4152.mp3','\\audio','.mp3',0),
 (375,'paf4152.mp3','\\audio','.mp3',0),
 (376,'paf4151.mp3','\\audio','.mp3',0),
 (377,'paf4152.mp3','\\audio','.mp3',0),
 (378,'paf4152.mp3','\\audio','.mp3',0),
 (379,'paf4152.mp3','\\audio','.mp3',0),
 (380,'paf4152.mp3','\\audio','.mp3',0),
 (381,'paf4152.mp3','\\audio','.mp3',0),
 (382,'paf4152.mp3','\\audio','.mp3',0),
 (383,'paf4152.mp3','\\audio','.mp3',0),
 (384,'paf4152.mp3','\\audio','.mp3',0),
 (385,'Irene Grandi -Brucia la città.mp3','\\audio','.mp3',0),
 (386,'Irene Grandi -Brucia la città.mp3','\\audio','.mp3',0),
 (387,'paf4143.mp3','\\audio','.mp3',0),
 (388,'07  Maroon 5 - Can\'t Stop.mp3','\\audio','.mp3',0),
 (389,'11  Maroon 5 - Better That We Break.mp3','\\audio','.mp3',0),
 (390,'07  Maroon 5 - Can\'t Stop.mp3','\\audio','.mp3',0),
 (391,'11  Maroon 5 - Better That We Break.mp3','\\audio','.mp3',0),
 (392,'paf4166.mp3','\\audio','.mp3',0),
 (393,'06  Maroon 5 - Nothing Lasts Forever.mp3','\\audio','.mp3',0),
 (394,'13  Maroon 5 - Infatuation [Bonus Track].mp3','\\audio','.mp3',0),
 (395,'06  Maroon 5 - Nothing Lasts Forever.mp3','\\audio','.mp3',0),
 (396,'13  Maroon 5 - Infatuation [Bonus Track].mp3','\\audio','.mp3',0),
 (397,'paf4166.mp3','\\audio','.mp3',0),
 (398,'paf4136.mp3','\\audio','.mp3',0),
 (399,'paf4137.mp3','\\audio','.mp3',0),
 (400,'paf4153.mp3','\\audio','.mp3',0),
 (401,'paf4135.mp3','\\audio','.mp3',0),
 (402,'paf4136.mp3','\\audio','.mp3',0),
 (403,'paf4155.mp3','\\audio','.mp3',0),
 (404,'paf4170.mp3','\\audio','.mp3',0),
 (405,'Mai Dire Gol - Ingegner Cane.avi','\\video','.avi',0),
 (406,'paf4166.mp3','\\audio','.mp3',0),
 (407,'paf4144.mp3','\\audio','.mp3',0),
 (408,'paf4154.mp3','\\audio','.mp3',0),
 (409,'Ieri.mp3','\\audio','.mp3',0),
 (410,'Oggi.mp3','\\audio','.mp3',0),
 (411,'Ieri.mp3','\\audio','.mp3',0),
 (412,'Oggi.mp3','\\audio','.mp3',0),
 (413,'paf4166.mp3','\\audio','.mp3',0),
 (414,'Ieri.mp3','\\audio','.mp3',0),
 (415,'Oggi.mp3','\\audio','.mp3',0),
 (416,'Ieri.mp3','\\audio','.mp3',0),
 (417,'Oggi.mp3','\\audio','.mp3',0),
 (418,'paf4166.mp3','\\audio','.mp3',0),
 (419,'Ieri.mp3','\\audio','.mp3',0),
 (420,'Oggi.mp3','\\audio','.mp3',0),
 (421,'Ieri.mp3','\\audio','.mp3',0),
 (422,'Ieri.mp3','\\audio','.mp3',0),
 (423,'Oggi.mp3','\\audio','.mp3',0),
 (424,'Ieri.mp3','\\audio','.mp3',0),
 (425,'Oggi.mp3','\\audio','.mp3',0),
 (426,'paf4166.mp3','\\audio','.mp3',0),
 (427,'paf4166.mp3','\\audio','.mp3',0),
 (428,'Ieri.mp3','\\audio','.mp3',0),
 (429,'Oggi.mp3','\\audio','.mp3',0),
 (430,'paf4166.mp3','\\audio','.mp3',0),
 (431,'Ieri.mp3','\\audio','.mp3',0),
 (432,'Oggi.mp3','\\audio','.mp3',0),
 (433,'Ieri.mp3','\\audio','.mp3',0),
 (434,'Ieri.mp3','\\audio','.mp3',0),
 (435,'Oggi.mp3','\\audio','.mp3',0),
 (436,'Oggi.mp3','\\audio','.mp3',0),
 (437,'Oggi.mp3','\\audio','.mp3',0),
 (438,'paf4166.mp3','\\audio','.mp3',0),
 (439,'Ieri.mp3','\\audio','.mp3',0),
 (440,'Oggi.mp3','\\audio','.mp3',0),
 (441,'paf4166.mp3','\\audio','.mp3',0),
 (442,'Ieri.mp3','\\audio','.mp3',0),
 (443,'Oggi.mp3','\\audio','.mp3',0),
 (444,'paf4166.mp3','\\audio','.mp3',0),
 (445,'Ieri.mp3','\\audio','.mp3',0),
 (446,'Oggi.mp3','\\audio','.mp3',0),
 (447,'paf4166.mp3','\\audio','.mp3',0),
 (448,'Ieri.mp3','\\audio','.mp3',0),
 (449,'Oggi.mp3','\\audio','.mp3',0),
 (450,'paf4166.mp3','\\audio','.mp3',0),
 (451,'Ieri.mp3','\\audio','.mp3',0),
 (452,'Oggi.mp3','\\audio','.mp3',0),
 (453,'paf4166.mp3','\\audio','.mp3',0),
 (454,'Ieri.mp3','\\audio','.mp3',0),
 (455,'Oggi.mp3','\\audio','.mp3',0),
 (456,'Ieri.mp3','\\audio','.mp3',0),
 (457,'Ieri.mp3','\\audio','.mp3',0),
 (458,'paf4166.mp3','\\audio','.mp3',0),
 (459,'Oggi.mp3','\\audio','.mp3',0),
 (460,'paf4166.mp3','\\audio','.mp3',0),
 (461,'Ieri.mp3','\\audio','.mp3',0),
 (462,'Oggi.mp3','\\audio','.mp3',0),
 (463,'paf4155.mp3','\\audio','.mp3',0),
 (464,'paf4135.mp3','\\audio','.mp3',0),
 (465,'paf4136.mp3','\\audio','.mp3',0),
 (466,'Gladiatore3.avi','\\video','.avi',0),
 (467,'paf4135.mp3','\\audio','.mp3',0),
 (468,'paf4139.mp3','\\audio','.mp3',0),
 (469,'paf4296.mp3','\\audio','.mp3',0),
 (470,'milanoRomana1.avi','\\video','.avi',0),
 (471,'Laura Pausini - 01 - 01 - Io Canto.mp3','\\audio','.mp3',0),
 (472,'02-elisa_e_ligabue-gli_ostacoli_del_cuore.mp3','\\audio','.mp3',0),
 (473,'La ricerca della pietra puffa.avi','\\video','.avi',0),
 (474,'Ieri.mp3','\\audio','.mp3',0),
 (475,'Oggi.mp3','\\audio','.mp3',0),
 (476,'Ieri.mp3','\\audio','.mp3',0),
 (477,'Oggi.mp3','\\audio','.mp3',0),
 (478,'paf4170.mp3','\\audio','.mp3',0),
 (479,'paf4295.mp3','\\audio','.mp3',0),
 (480,'Ieri.mp3','\\audio','.mp3',0),
 (481,'Oggi.mp3','\\audio','.mp3',0),
 (482,'Ieri.mp3','\\audio','.mp3',0),
 (483,'Oggi.mp3','\\audio','.mp3',0),
 (484,'paf4170.mp3','\\audio','.mp3',0),
 (485,'paf4295.mp3','\\audio','.mp3',0),
 (486,'paf4143.mp3','\\audio','.mp3',0),
 (487,'Ieri.mp3','\\audio','.mp3',0),
 (488,'Ieri.mp3','\\audio','.mp3',0),
 (489,'Oggi.mp3','\\audio','.mp3',0),
 (490,'Ieri.mp3','\\audio','.mp3',0),
 (491,'Oggi.mp3','\\audio','.mp3',0),
 (492,'paf4170.mp3','\\audio','.mp3',0),
 (493,'Ieri.mp3','\\audio','.mp3',0),
 (494,'Oggi.mp3','\\audio','.mp3',0),
 (495,'paf4170.mp3','\\audio','.mp3',0),
 (496,'paf4295.mp3','\\audio','.mp3',0);
/*!40000 ALTER TABLE `risorsamultimediale` ENABLE KEYS */;


--
-- Definition of table `tipologia`
--

DROP TABLE IF EXISTS `tipologia`;
CREATE TABLE `tipologia` (
  `IDtipologia` int(10) unsigned NOT NULL auto_increment,
  `Descrizione` text NOT NULL,
  `Tipo` varchar(45) NOT NULL default '',
  PRIMARY KEY  (`IDtipologia`)
) ENGINE=InnoDB AUTO_INCREMENT=7 DEFAULT CHARSET=latin1 COMMENT='Tipologia dei contenuti';

--
-- Dumping data for table `tipologia`
--

/*!40000 ALTER TABLE `tipologia` DISABLE KEYS */;
INSERT INTO `tipologia` (`IDtipologia`,`Descrizione`,`Tipo`) VALUES 
 (1,'Musica','Risorsa'),
 (2,'Resume','Controllo'),
 (3,'Pausa','Controllo'),
 (4,'Stop','Controllo'),
 (5,'Video','Risorsa'),
 (6,'Altro','Risorsa');
/*!40000 ALTER TABLE `tipologia` ENABLE KEYS */;


--
-- Definition of table `utente`
--

DROP TABLE IF EXISTS `utente`;
CREATE TABLE `utente` (
  `IDutente` int(10) unsigned NOT NULL auto_increment,
  `Nome` varchar(45) NOT NULL default '',
  `Cognome` varchar(45) NOT NULL default '',
  `Classe` varchar(5) default NULL,
  `AnnoNascita` datetime default '0000-00-00 00:00:00',
  `Profilo` int(10) unsigned default NULL,
  `Rfidtag` varchar(45) default NULL,
  `Barcode` varchar(45) default NULL,
  PRIMARY KEY  (`IDutente`),
  KEY `FK_utente_Profilo` (`Profilo`),
  CONSTRAINT `FK_utente_Profilo` FOREIGN KEY (`Profilo`) REFERENCES `profilo` (`IDprofilo`) ON DELETE CASCADE ON UPDATE CASCADE
) ENGINE=InnoDB DEFAULT CHARSET=latin1 COMMENT='Utenti del sistema';

--
-- Dumping data for table `utente`
--

/*!40000 ALTER TABLE `utente` DISABLE KEYS */;
/*!40000 ALTER TABLE `utente` ENABLE KEYS */;




/*!40101 SET SQL_MODE=@OLD_SQL_MODE */;
/*!40014 SET FOREIGN_KEY_CHECKS=@OLD_FOREIGN_KEY_CHECKS */;
/*!40014 SET UNIQUE_CHECKS=@OLD_UNIQUE_CHECKS */;
/*!40101 SET CHARACTER_SET_CLIENT=@OLD_CHARACTER_SET_CLIENT */;
/*!40101 SET CHARACTER_SET_RESULTS=@OLD_CHARACTER_SET_RESULTS */;
/*!40101 SET COLLATION_CONNECTION=@OLD_COLLATION_CONNECTION */;
/*!40101 SET CHARACTER_SET_CLIENT=@OLD_CHARACTER_SET_CLIENT */;
